{
    "White": [
        1.0,
        1.0,
        1.0
    ],
    "Double Black": [
        0.0,
        0.0,
        0.0
    ],
    "Sable": [
        0.1921568661928177,
        0.14901961386203766,
        0.11372549086809158
    ],
    "Maroon": [
        0.4156862795352936,
        0.125490203499794,
        0.16862745583057404
    ],
    "Dark Red": [
        0.6509804129600525,
        0.09803921729326248,
        0.18039216101169586
    ],
    "Red": [
        0.8117647171020508,
        0.2705882489681244,
        0.125490203499794
    ],
    "Salmon": [
        0.9098039269447327,
        0.572549045085907,
        0.48627451062202454
    ],
    "Dark Brown": [
        0.30980393290519714,
        0.1725490242242813,
        0.11372549086809158
    ],
    "Gold": [
        0.9450980424880981,
        0.7686274647712708,
        0.0
    ],
    "Red-Orange": [
        0.9607843160629272,
        0.4000000059604645,
        0.0
    ],
    "Sand": [
        0.7960784435272217,
        0.6274510025978088,
        0.32156863808631897
    ],
    "Orange": [
        1.0,
        0.6196078658103943,
        0.10588235408067703
    ],
    "Plum": [
        0.3176470696926117,
        0.1568627506494522,
        0.30980393290519714
    ],
    "Purple": [
        0.6431372761726379,
        0.3607843220233917,
        0.5960784554481506
    ],
    "Lavender": [
        0.6196078658103943,
        0.5607843399047852,
        0.6901960968971252
    ],
    "Lime Green": [
        0.4627451002597809,
        0.6274510025978088,
        0.2980392277240753
    ],
    "Forest Green": [
        0.15294118225574493,
        0.3686274588108063,
        0.239215686917305
    ],
    "Homewood Green": [
        0.0,
        0.529411792755127,
        0.40392157435417175
    ],
    "Mint Green": [
        0.5254902243614197,
        0.7843137383460999,
        0.7372549176216125
    ],
    "Harbor Blue": [
        0.3333333432674408,
        0.5882353186607361,
        0.8156862854957581
    ],
    "Medium Blue": [
        0.0,
        0.46666666865348816,
        0.8470588326454163
    ],
    "Spirit Blue": [
        0.40784314274787903,
        0.6745098233222961,
        0.8980392217636108
    ],
    "Heritage Blue": [
        0.0,
        0.1764705926179886,
        0.4470588266849518
    ]
}